id,title,sthalam,common_name,city,district,state,country,lat,lng,cluster_group,subcluster_group,marker_color,marker_icon,tooltip,popup_title,popup_html,audio_url,image_url
1,1. Thiruvarangam (Sri Rangam) - Sri Ranganathaswamy Temple,Thiruvarangam,Srirangam,Tiruchirappalli,Tiruchirappalli,Tamil Nadu,India,10.86246937,78.68993659,Chola Nadu (North),Trichy Cluster,red,temple,Srirangam • Tiruchirappalli,Thiruvarangam (Sri Rangam) - Sri Ranganathaswamy Temple,"<h3>Thiruvarangam (Sri Rangam) - Sri Ranganathaswamy Temple</h3><div><b>Location:</b> Tiruchirappalli, Tiruchirappalli, Tamil Nadu, India</div><div><b>Cluster:</b> Chola Nadu (North) / Trichy Cluster</div>",audio/1.Srirangam.m4a,images/1.Srirangam.jpg
2,2.Thirukkozhi (Uraiyur) - Sri Azhagiya Manavala Perumal Temple,Thirukkozhi,Uraiyur,Tiruchirappalli,Tiruchirappalli,Tamil Nadu,India,10.82734785,78.67361671,Chola Nadu (North),Trichy Cluster,red,temple,Uraiyur • Tiruchirappalli,Thirukkozhi (Uraiyur) - Sri Azhagiya Manavala Perumal Temple,"<h3>Thirukkozhi (Uraiyur) - Sri Azhagiya Manavala Perumal Temple</h3><div><b>Location:</b> Tiruchirappalli, Tiruchirappalli, Tamil Nadu, India</div><div><b>Cluster:</b> Chola Nadu (North) / Trichy Cluster</div>",audio/2.Uraiyur.m4a,images/2.Uraiyur.jpg
3,3.Thirukkarambanoor - Sri Purushothaman Perumal Temple,Thirukkarambanoor,Uttamar Kovil,Tiruchirappalli,Tiruchirappalli,Tamil Nadu,India,10.87735671,78.70308408,Chola Nadu (North),Trichy Cluster,red,temple,Uttamar Kovil • Tiruchirappalli,Thirukkarambanoor - Sri Purushothaman Perumal Temple,"<h3>Thirukkarambanoor - Sri Purushothaman Perumal Temple</h3><div><b>Location:</b> Tiruchirappalli, Tiruchirappalli, Tamil Nadu, India</div><div><b>Cluster:</b> Chola Nadu (North) / Trichy Cluster</div>",audio/3.Thirukarambanur.m4a,images/3.Thirukarambanur.jpg
4,4.Thiruvellarai - Sri Pundarikashan Perumal Temple,Thiruvellarai,Thiruvellarai,Tiruchirappalli,Tiruchirappalli,Tamil Nadu,India,10.95679064,78.66765015,Chola Nadu (North),Trichy Cluster,red,temple,Thiruvellarai • Tiruchirappalli,Thiruvellarai - Sri Pundarikashan Perumal Temple,"<h3>Thiruvellarai - Sri Pundarikashan Perumal Temple</h3><div><b>Location:</b> Tiruchirappalli, Tiruchirappalli, Tamil Nadu, India</div><div><b>Cluster:</b> Chola Nadu (North) / Trichy Cluster</div>",audio/4.Thiruvellarai.m4a,images/4.Thiruvellarai.jpg
5,5.Thiru Anbil - Sri Vadivazhagiya Nambi Perumal Temple,Thiru Anbil,Anbil,Tiruchirappalli,Tiruchirappalli,Tamil Nadu,India,10.86797598,78.88212328,Chola Nadu (North),Trichy Cluster,red,temple,Anbil • Tiruchirappalli,Thiru Anbil - Sri Vadivazhagiya Nambi Perumal Temple,"<h3>Thiru Anbil - Sri Vadivazhagiya Nambi Perumal Temple</h3><div><b>Location:</b> Tiruchirappalli, Tiruchirappalli, Tamil Nadu, India</div><div><b>Cluster:</b> Chola Nadu (North) / Trichy Cluster</div>",audio/5.Thiruanbil.m4a,images/5.Thiruanbil.jpg
6,6.Thirupper Nagar - Sri Appakkudathaan Perumal Temple,Thirupper Nagar,Koviladi,Lalgudi,Tiruchirappalli,Tamil Nadu,India,10.83956955,78.88910999,Chola Nadu (North),Trichy Cluster,red,temple,Koviladi • Lalgudi,Thirupper Nagar - Sri Appakkudathaan Perumal Temple,"<h3>Thirupper Nagar - Sri Appakkudathaan Perumal Temple</h3><div><b>Location:</b> Lalgudi, Tiruchirappalli, Tamil Nadu, India</div><div><b>Cluster:</b> Chola Nadu (North) / Trichy Cluster</div>",audio/6.Thirupeernagar.m4a,images/6.ThiruperNagar.jpg
7,7.Thirukkandiyur - Sri Hara Saabha Vimocchana Perumal Temple,Thirukkandiyur,Kandiyur,Thanjavur,Thanjavur,Tamil Nadu,India,10.86043949,79.10856306,Chola Nadu (South),Thanjavur–Kumbakonam Cluster,orange,temple,Kandiyur • Thanjavur,Thirukkandiyur - Sri Hara Saabha Vimocchana Perumal Temple,"<h3>Thirukkandiyur - Sri Hara Saabha Vimocchana Perumal Temple</h3><div><b>Location:</b> Thanjavur, Thanjavur, Tamil Nadu, India</div><div><b>Cluster:</b> Chola Nadu (South) / Thanjavur–Kumbakonam Cluster</div>",audio/8.Thirukkoodalur.m4a,images/7.Thirukkandiyur.jpg
8,8.Thirukkoodaloor - Sri Aaduthurai Perumal Temple,Thirukkoodaloor,Koodaloor,Papanasam,Thanjavur,Tamil Nadu,India,10.92544821,79.20331611,Chola Nadu (South),Thanjavur–Kumbakonam Cluster,orange,temple,Koodaloor • Papanasam,Thirukkoodaloor - Sri Aaduthurai Perumal Temple,"<h3>Thirukkoodaloor - Sri Aaduthurai Perumal Temple</h3><div><b>Location:</b> Papanasam, Thanjavur, Tamil Nadu, India</div><div><b>Cluster:</b> Chola Nadu (South) / Thanjavur–Kumbakonam Cluster</div>",audio/9.Kapisthalam.m4a,images/8.Thirukkoodalur.jpg
9,9.Thirukkavithalam (Kabisthalam) - Sri Gajendra Varadha Perumal Temple,Thirukkavithalam (Kabisthalam),Kabisthalam,Papanasam,Thanjavur,Tamil Nadu,India,10.94733983,79.25713098,Chola Nadu (South),Thanjavur–Kumbakonam Cluster,orange,temple,Kabisthalam • Papanasam,Thirukkavithalam (Kabisthalam) - Sri Gajendra Varadha Perumal Temple,"<h3>Thirukkavithalam (Kabisthalam) - Sri Gajendra Varadha Perumal Temple</h3><div><b>Location:</b> Papanasam, Thanjavur, Tamil Nadu, India</div><div><b>Cluster:</b> Chola Nadu (South) / Thanjavur–Kumbakonam Cluster</div>",audio/10.Thirupullabhoongudi.m4a,images/9.Kapisthalam.jpg
10,10.Thiruppullam Boothankudi - Sri Valvil Ramar Perumal Temple,Thiruppullam Boothankudi,Pullabhoothankudi,Kumbakonam,Thanjavur,Tamil Nadu,India,10.97184208,79.30379371,Chola Nadu (South),Thanjavur–Kumbakonam Cluster,orange,temple,Pullabhoothankudi • Kumbakonam,Thiruppullam Boothankudi - Sri Valvil Ramar Perumal Temple,"<h3>Thiruppullam Boothankudi - Sri Valvil Ramar Perumal Temple</h3><div><b>Location:</b> Kumbakonam, Thanjavur, Tamil Nadu, India</div><div><b>Cluster:</b> Chola Nadu (South) / Thanjavur–Kumbakonam Cluster</div>",audio/10.Thirupullabhoongudi.m4a,images/10.Thirupullabhoongudi.jpg
11,11.Thiru Aadhanoor - Sri Aandu Alakkum Ayan Perumal Temple,Thiru Aadhanoor,Aadanur,Kumbakonam,Thanjavur,Tamil Nadu,India,10.97654672,79.31362024,Chola Nadu (South),Thanjavur–Kumbakonam Cluster,orange,temple,Aadanur • Kumbakonam,Thiru Aadhanoor - Sri Aandu Alakkum Ayan Perumal Temple,"<h3>Thiru Aadhanoor - Sri Aandu Alakkum Ayan Perumal Temple</h3><div><b>Location:</b> Kumbakonam, Thanjavur, Tamil Nadu, India</div><div><b>Cluster:</b> Chola Nadu (South) / Thanjavur–Kumbakonam Cluster</div>",audio/11.ThiruAadhanoor.m4a,images/11.ThiruAadhanoor.jpg
12,12.Thiru Thanjaimaamani Koil - Sri Neelamega Perumal Temple,Thanjai Maamani Koil,Thanjai Maamani Koil,Thanjavur,Thanjavur,Tamil Nadu,India,10.81797774,79.13614109,Chola Nadu (South),Thanjavur–Kumbakonam Cluster,orange,temple,Thanjai Maamani Koil • Thanjavur,Thiru Thanjaimaamani Koil - Sri Neelamega Perumal Temple,"<h3>Thiru Thanjaimaamani Koil - Sri Neelamega Perumal Temple</h3><div><b>Location:</b> Thanjavur, Thanjavur, Tamil Nadu, India</div><div><b>Cluster:</b> Chola Nadu (South) / Thanjavur–Kumbakonam Cluster</div>",audio/12.ThanjaiMamaniKoil.m4a,images/12.ThanjaiMamaniKoil.jpg
13,13.Thiru Vinnagar - Sri Oppiliappa Perumal Temple,Thiru Vinnagar,Oppiliappan Koil,Thirunageswaram,Thanjavur,Tamil Nadu,India,10.96199763,79.43212635,Chola Nadu (South),Thanjavur–Kumbakonam Cluster,orange,temple,Oppiliappan Koil • Thirunageswaram,Thiru Vinnagar - Sri Oppiliappa Perumal Temple,"<h3>Thiru Vinnagar - Sri Oppiliappa Perumal Temple</h3><div><b>Location:</b> Thirunageswaram, Thanjavur, Tamil Nadu, India</div><div><b>Cluster:</b> Chola Nadu (South) / Thanjavur–Kumbakonam Cluster</div>",audio/13.Thiruvinnagar.m4a,images/13.Thiruvinnagar.jpg
14,14.Thiruccherai - Sri Saranathan Perumal Temple,Thiruccherai,Thirucherai,Kumbakonam,Thanjavur,Tamil Nadu,India,10.87894546,79.45435825,Chola Nadu (South),Thanjavur–Kumbakonam Cluster,orange,temple,Thirucherai • Kumbakonam,Thiruccherai - Sri Saranathan Perumal Temple,"<h3>Thiruccherai - Sri Saranathan Perumal Temple</h3><div><b>Location:</b> Kumbakonam, Thanjavur, Tamil Nadu, India</div><div><b>Cluster:</b> Chola Nadu (South) / Thanjavur–Kumbakonam Cluster</div>",audio/14.Thirucherai.m4a,images/14.Thirucherai.jpg
15,15.Thirukkudanthai - Sri Saarangapani Perumal Temple,Thirukkudanthai,Kumbakonam,Kumbakonam,Thanjavur,Tamil Nadu,India,10.95981199,79.37547055,Chola Nadu (South),Thanjavur–Kumbakonam Cluster,orange,temple,Kumbakonam • Kumbakonam,Thirukkudanthai - Sri Saarangapani Perumal Temple,"<h3>Thirukkudanthai - Sri Saarangapani Perumal Temple</h3><div><b>Location:</b> Kumbakonam, Thanjavur, Tamil Nadu, India</div><div><b>Cluster:</b> Chola Nadu (South) / Thanjavur–Kumbakonam Cluster</div>",audio/15.Thirukudanthai.m4a,images/15.Thirukudanthai.jpg
16,16.Thirunarayoor (Naachchiyaar koil) - Sri Thirunarayoor Nambi Perumal Temple,Thirunarayoor,Nachiyar Koil,Kumbakonam,Thanjavur,Tamil Nadu,India,10.91613576,79.44603835,Chola Nadu (South),Thanjavur–Kumbakonam Cluster,orange,temple,Nachiyar Koil • Kumbakonam,Thirunarayoor (Naachchiyaar koil) - Sri Thirunarayoor Nambi Perumal Temple,"<h3>Thirunarayoor (Naachchiyaar koil) - Sri Thirunarayoor Nambi Perumal Temple</h3><div><b>Location:</b> Kumbakonam, Thanjavur, Tamil Nadu, India</div><div><b>Cluster:</b> Chola Nadu (South) / Thanjavur–Kumbakonam Cluster</div>",audio/16.Thirunaraiyur.m4a,images/16.Thirunaraiyur.jpg
17,17.Thirunandhipura Vinnagaram (Nathan Koil) - Sri Jaganatha Perumal Temple,Thirunandhipura Vinnagaram,Nathan Koil,Kumbakonam,Thanjavur,Tamil Nadu,India,10.92212034,79.37173102,Chola Nadu (South),Thanjavur–Kumbakonam Cluster,orange,temple,Nathan Koil • Kumbakonam,Thirunandhipura Vinnagaram (Nathan Koil) - Sri Jaganatha Perumal Temple,"<h3>Thirunandhipura Vinnagaram (Nathan Koil) - Sri Jaganatha Perumal Temple</h3><div><b>Location:</b> Kumbakonam, Thanjavur, Tamil Nadu, India</div><div><b>Cluster:</b> Chola Nadu (South) / Thanjavur–Kumbakonam Cluster</div>",audio/17.NandipuraVinnagaram.m4a,images/17.NandipuraVinnagaram.jpg
18,18.Thirukkannamangai - Sri Bhaktavatsala Perumal Temple,Thirukkannamangai,Thirukkannamangai,Tiruvarur,Tiruvarur,Tamil Nadu,India,10.7997464,79.58661722,Chola Nadu (South),Thanjavur–Kumbakonam Cluster,orange,temple,Thirukkannamangai • Tiruvarur,Thirukkannamangai - Sri Bhaktavatsala Perumal Temple,"<h3>Thirukkannamangai - Sri Bhaktavatsala Perumal Temple</h3><div><b>Location:</b> Tiruvarur, Tiruvarur, Tamil Nadu, India</div><div><b>Cluster:</b> Chola Nadu (South) / Thanjavur–Kumbakonam Cluster</div>",audio/18.Thirukannamangai.m4a,images/18.Thirukannamangai.jpg
19,19.Thirukkannapuram - Sri Sowrirajan Neelamega Perumal Temple,Thirukkannapuram,Thirukkannapuram,Nagapattinam,Nagapattinam,Tamil Nadu,India,10.8684825,79.70467657,Chola Nadu (North),Mayiladuthurai–Nagapattinam Cluster,red,temple,Thirukkannapuram • Nagapattinam,Thirukkannapuram - Sri Sowrirajan Neelamega Perumal Temple,"<h3>Thirukkannapuram - Sri Sowrirajan Neelamega Perumal Temple</h3><div><b>Location:</b> Nagapattinam, Nagapattinam, Tamil Nadu, India</div><div><b>Cluster:</b> Chola Nadu (North) / Mayiladuthurai–Nagapattinam Cluster</div>",audio/19.Thirukannapuram.m4a,images/19.Thirukannapuram.jpg
20,20.Thirukkannankudi - Sri Loganatha Perumal Temple,Thirukkannankudi,Thirukkannankudi,Nagapattinam,Nagapattinam,Tamil Nadu,India,10.75681444,79.76324058,Chola Nadu (North),Mayiladuthurai–Nagapattinam Cluster,red,temple,Thirukkannankudi • Nagapattinam,Thirukkannankudi - Sri Loganatha Perumal Temple,"<h3>Thirukkannankudi - Sri Loganatha Perumal Temple</h3><div><b>Location:</b> Nagapattinam, Nagapattinam, Tamil Nadu, India</div><div><b>Cluster:</b> Chola Nadu (North) / Mayiladuthurai–Nagapattinam Cluster</div>",audio/20.Thirukanangudi.m4a,images/20.Thirukanangudi.jpg
21,"21.Thiru Naagai - Sri Soundararajaperumal Perumal Temple, Nagapattinam",Thiru Naagai,Nagapattinam,Nagapattinam,Nagapattinam,Tamil Nadu,India,10.76080904,79.84065861,Chola Nadu (North),Mayiladuthurai–Nagapattinam Cluster,red,temple,Nagapattinam • Nagapattinam,"Thiru Naagai - Sri Soundararajaperumal Perumal Temple, Nagapattinam","<h3>Thiru Naagai - Sri Soundararajaperumal Perumal Temple, Nagapattinam</h3><div><b>Location:</b> Nagapattinam, Nagapattinam, Tamil Nadu, India</div><div><b>Cluster:</b> Chola Nadu (North) / Mayiladuthurai–Nagapattinam Cluster</div>",audio/21.Thirunagai.m4a,images/21.Thirunagai.jpg
22,22.Thiruvelliyankudi - Sri Kola Valvilli Ramar Perumal Temple,Thiruvelliyankudi,Velliyankudi,Kumbakonam,Thanjavur,Tamil Nadu,India,11.05694317,79.44303394,Chola Nadu (South),Thanjavur–Kumbakonam Cluster,orange,temple,Velliyankudi • Kumbakonam,Thiruvelliyankudi - Sri Kola Valvilli Ramar Perumal Temple,"<h3>Thiruvelliyankudi - Sri Kola Valvilli Ramar Perumal Temple</h3><div><b>Location:</b> Kumbakonam, Thanjavur, Tamil Nadu, India</div><div><b>Cluster:</b> Chola Nadu (South) / Thanjavur–Kumbakonam Cluster</div>",audio/22.Thiruvelliyangudi.m4a,images/22.Thiruvelliyangudi.jpg
23,23.Thiruvazhunthoor - Sri Devaadi Raja Perumal Temple,Thiruvazhunthoor,Thiruvazhundur,Mayiladuthurai,Mayiladuthurai,Tamil Nadu,India,11.31736928,79.60201054,Chola Nadu (North),Mayiladuthurai–Nagapattinam Cluster,red,temple,Thiruvazhundur • Mayiladuthurai,Thiruvazhunthoor - Sri Devaadi Raja Perumal Temple,"<h3>Thiruvazhunthoor - Sri Devaadi Raja Perumal Temple</h3><div><b>Location:</b> Mayiladuthurai, Mayiladuthurai, Tamil Nadu, India</div><div><b>Cluster:</b> Chola Nadu (North) / Mayiladuthurai–Nagapattinam Cluster</div>",audio/23.Therazhundur.m4a,images/23.Therazhundur.jpg
24,24.Thiru Sirupuliyur - Sri Arulmaakadal Perumal Temple,Thiru Sirupuliyur,Sirupuliyur,Mayiladuthurai,Mayiladuthurai,Tamil Nadu,India,10.99029547,79.66918748,Chola Nadu (North),Mayiladuthurai–Nagapattinam Cluster,red,temple,Sirupuliyur • Mayiladuthurai,Thiru Sirupuliyur - Sri Arulmaakadal Perumal Temple,"<h3>Thiru Sirupuliyur - Sri Arulmaakadal Perumal Temple</h3><div><b>Location:</b> Mayiladuthurai, Mayiladuthurai, Tamil Nadu, India</div><div><b>Cluster:</b> Chola Nadu (North) / Mayiladuthurai–Nagapattinam Cluster</div>",audio/24.ThiruSirupuliyur.m4a,images/24.ThiruSirupuliyur.jpg
25,25.Thiru Thalaicchanga Naanmathiyam - Sri Naan Madhiya Perumal Temple,Thiru Thalaicchanga Naanmathiyam,Sirkazhi Coast,Sirkazhi,Mayiladuthurai,Tamil Nadu,India,11.12998414,79.78528419,Chola Nadu (North),Mayiladuthurai–Nagapattinam Cluster,red,temple,Sirkazhi Coast • Sirkazhi,Thiru Thalaicchanga Naanmathiyam - Sri Naan Madhiya Perumal Temple,"<h3>Thiru Thalaicchanga Naanmathiyam - Sri Naan Madhiya Perumal Temple</h3><div><b>Location:</b> Sirkazhi, Mayiladuthurai, Tamil Nadu, India</div><div><b>Cluster:</b> Chola Nadu (North) / Mayiladuthurai–Nagapattinam Cluster</div>",audio/25.Thiruthalaichangananmadiyam.m4a,images/25.Thiruthalaichangananmadiyam.jpg
26,26.Thiru Indhaloor - Sri Parimala Ranganatha Perumal Temple,Thiru Indhaloor,Mayiladuthurai,Mayiladuthurai,Mayiladuthurai,Tamil Nadu,India,11.11007303,79.64660041,Chola Nadu (North),Mayiladuthurai–Nagapattinam Cluster,red,temple,Mayiladuthurai • Mayiladuthurai,Thiru Indhaloor - Sri Parimala Ranganatha Perumal Temple,"<h3>Thiru Indhaloor - Sri Parimala Ranganatha Perumal Temple</h3><div><b>Location:</b> Mayiladuthurai, Mayiladuthurai, Tamil Nadu, India</div><div><b>Cluster:</b> Chola Nadu (North) / Mayiladuthurai–Nagapattinam Cluster</div>",audio/26.Thiruindalur.m4a,images/26.Thiruindalur.jpg
27,27.Thiru Kavalampaadi - Sri Gopala Krishna Perumal Temple,Thiru Kavalampaadi,Kavalampaadi,Thirunangur,Mayiladuthurai,Tamil Nadu,India,11.20410413,79.77470334,Chola Nadu (North),Thirunangur–Sirkazhi Cluster,red,temple,Kavalampaadi • Thirunangur,Thiru Kavalampaadi - Sri Gopala Krishna Perumal Temple,"<h3>Thiru Kavalampaadi - Sri Gopala Krishna Perumal Temple</h3><div><b>Location:</b> Thirunangur, Mayiladuthurai, Tamil Nadu, India</div><div><b>Cluster:</b> Chola Nadu (North) / Thirunangur–Sirkazhi Cluster</div>",audio/27.Thirukavalambadi.m4a,images/27.Thirukavalambadi.jpg
28,28.Kaazhicheeraama Vinnagaram - Thadalar Seerkazhi Thirivikaraman Perumal Temple,Kaazhicheeraama Vinnagaram,Thirivikaraman,Sirkazhi,Mayiladuthurai,Tamil Nadu,India,11.24112217,79.73158729,Chola Nadu (North),Thirunangur–Sirkazhi Cluster,red,temple,Thirivikaraman • Sirkazhi,Kaazhicheeraama Vinnagaram - Thadalar Seerkazhi Thirivikaraman Perumal Temple,"<h3>Kaazhicheeraama Vinnagaram - Thadalar Seerkazhi Thirivikaraman Perumal Temple</h3><div><b>Location:</b> Sirkazhi, Mayiladuthurai, Tamil Nadu, India</div><div><b>Cluster:</b> Chola Nadu (North) / Thirunangur–Sirkazhi Cluster</div>",audio/28.KazheshiramaVinnagaram.m4a,images/28.KazheshiramaVinnagaram.jpg
29,29.Thiru Arimeya Vinnagaram - Sri Kuda Maadu Koothan Perumal Temple,Thiru Arimeya Vinnagaram,Arimeya Vinnagaram,Thirunangur,Mayiladuthurai,Tamil Nadu,India,11.17513782,79.77900368,Chola Nadu (North),Thirunangur–Sirkazhi Cluster,red,temple,Arimeya Vinnagaram • Thirunangur,Thiru Arimeya Vinnagaram - Sri Kuda Maadu Koothan Perumal Temple,"<h3>Thiru Arimeya Vinnagaram - Sri Kuda Maadu Koothan Perumal Temple</h3><div><b>Location:</b> Thirunangur, Mayiladuthurai, Tamil Nadu, India</div><div><b>Cluster:</b> Chola Nadu (North) / Thirunangur–Sirkazhi Cluster</div>",audio/29.ThiruArimeyaVinnagaram.m4a,images/29.ThiruArimeyaVinnagaram.jpg
30,30.Thiru Vann Purushothamam - Sri Purushothama Perumal Temple,Thiru Vann Purushothamam,Vann Purushothamam,Thirunangur,Mayiladuthurai,Tamil Nadu,India,11.17894922,79.77726028,Chola Nadu (North),Thirunangur–Sirkazhi Cluster,red,temple,Vann Purushothamam • Thirunangur,Thiru Vann Purushothamam - Sri Purushothama Perumal Temple,"<h3>Thiru Vann Purushothamam - Sri Purushothama Perumal Temple</h3><div><b>Location:</b> Thirunangur, Mayiladuthurai, Tamil Nadu, India</div><div><b>Cluster:</b> Chola Nadu (North) / Thirunangur–Sirkazhi Cluster</div>",audio/30.Thiruvanpurudothamam.m4a,images/30.Thiruvanpurudothamam.jpg
31,31.Thiru Sempon Sei Kovil - Sri Per Arulaalan Perumal Temple,Thiru Sempon Sei Kovil,Sempon Seikoil,Thirunangur,Mayiladuthurai,Tamil Nadu,India,11.17933305,79.77966706,Chola Nadu (North),Thirunangur–Sirkazhi Cluster,red,temple,Sempon Seikoil • Thirunangur,Thiru Sempon Sei Kovil - Sri Per Arulaalan Perumal Temple,"<h3>Thiru Sempon Sei Kovil - Sri Per Arulaalan Perumal Temple</h3><div><b>Location:</b> Thirunangur, Mayiladuthurai, Tamil Nadu, India</div><div><b>Cluster:</b> Chola Nadu (North) / Thirunangur–Sirkazhi Cluster</div>",audio/31.ThiruSemponsaiKoil.m4a,images/31.ThiruSemponsaiKoil.jpg
32,32.Thiru Manikkoodam - Sri Varadharaja Perumal Temple,Thiru Manikkoodam,Manikkoodam,Thirunangur,Mayiladuthurai,Tamil Nadu,India,11.25937307,79.83014775,Chola Nadu (North),Thirunangur–Sirkazhi Cluster,red,temple,Manikkoodam • Thirunangur,Thiru Manikkoodam - Sri Varadharaja Perumal Temple,"<h3>Thiru Manikkoodam - Sri Varadharaja Perumal Temple</h3><div><b>Location:</b> Thirunangur, Mayiladuthurai, Tamil Nadu, India</div><div><b>Cluster:</b> Chola Nadu (North) / Thirunangur–Sirkazhi Cluster</div>",audio/32.ThiruManimadaKoil.m4a,images/32.ThiruManimadaKoil.jpg
33,33.Thiru VaiKunda Vinnagaram - Sri Vaigundha Nathan Perumal Temple,Thiru VaiKunda Vinnagaram,Vaikunda Vinnagaram,Thirunangur,Mayiladuthurai,Tamil Nadu,India,11.18059097,79.77876222,Chola Nadu (North),Thirunangur–Sirkazhi Cluster,red,temple,Vaikunda Vinnagaram • Thirunangur,Thiru VaiKunda Vinnagaram - Sri Vaigundha Nathan Perumal Temple,"<h3>Thiru VaiKunda Vinnagaram - Sri Vaigundha Nathan Perumal Temple</h3><div><b>Location:</b> Thirunangur, Mayiladuthurai, Tamil Nadu, India</div><div><b>Cluster:</b> Chola Nadu (North) / Thirunangur–Sirkazhi Cluster</div>",audio/33.ThiruVaikuntaVinnagaram.m4a,images/33.ThiruVaikuntaVinnagaram.jpg
34,34.Thiruvaali Thirunagari - Sri Lakshmi Narashima Perumal Temple,Thiruvaali Thirunagari,Thirunangur Pair,Thirunangur,Mayiladuthurai,Tamil Nadu,India,11.20324185,79.77488612,Chola Nadu (North),Thirunangur–Sirkazhi Cluster,red,temple,Thirunangur Pair • Thirunangur,Thiruvaali Thirunagari - Sri Lakshmi Narashima Perumal Temple,"<h3>Thiruvaali Thirunagari - Sri Lakshmi Narashima Perumal Temple</h3><div><b>Location:</b> Thirunangur, Mayiladuthurai, Tamil Nadu, India</div><div><b>Cluster:</b> Chola Nadu (North) / Thirunangur–Sirkazhi Cluster</div>",audio/34.ThiruvliThirunagari.m4a,images/34.ThiruvaliThirunagari.jpg
35,35.Thiru Devanaar Thogai - Sri Deiva Naayaga Perumal Temple,Thiru Devanaar Thogai,Deivanayagam,Thirunangur,Mayiladuthurai,Tamil Nadu,India,11.19050827,79.76503716,Chola Nadu (North),Thirunangur–Sirkazhi Cluster,red,temple,Deivanayagam • Thirunangur,Thiru Devanaar Thogai - Sri Deiva Naayaga Perumal Temple,"<h3>Thiru Devanaar Thogai - Sri Deiva Naayaga Perumal Temple</h3><div><b>Location:</b> Thirunangur, Mayiladuthurai, Tamil Nadu, India</div><div><b>Cluster:</b> Chola Nadu (North) / Thirunangur–Sirkazhi Cluster</div>",audio/35.Thiruthevanarthogai.m4a,images/35.Thiruthevanarthogai.jpg
36,36.Thiru Thetri Aambalam - Sri Seganmaal Ranganatha Perumal Temple,Thiru Thetri Aambalam,Thetri Ambalam,Thirunangur,Mayiladuthurai,Tamil Nadu,India,11.17731988,79.77698589,Chola Nadu (North),Thirunangur–Sirkazhi Cluster,red,temple,Thetri Ambalam • Thirunangur,Thiru Thetri Aambalam - Sri Seganmaal Ranganatha Perumal Temple,"<h3>Thiru Thetri Aambalam - Sri Seganmaal Ranganatha Perumal Temple</h3><div><b>Location:</b> Thirunangur, Mayiladuthurai, Tamil Nadu, India</div><div><b>Cluster:</b> Chola Nadu (North) / Thirunangur–Sirkazhi Cluster</div>",audio/36.Thiruthetriambalam.m4a,images/36.Thiruthetriambalam.jpg
37,37.Thiru Manimaada Kovil - Sri Narayana Perumal Temple,Thiru Manimaada Kovil,Manimaada Kovil,Thirunangur,Mayiladuthurai,Tamil Nadu,India,11.17741293,79.77755824,Chola Nadu (North),Thirunangur–Sirkazhi Cluster,red,temple,Manimaada Kovil • Thirunangur,Thiru Manimaada Kovil - Sri Narayana Perumal Temple,"<h3>Thiru Manimaada Kovil - Sri Narayana Perumal Temple</h3><div><b>Location:</b> Thirunangur, Mayiladuthurai, Tamil Nadu, India</div><div><b>Cluster:</b> Chola Nadu (North) / Thirunangur–Sirkazhi Cluster</div>",audio/37.Thirumanikoodam.m4a,images/37.Thirumanikoodam.jpg
38,38.Thiruvellakkulam (Annan Kovil) - Sri Srinivasa Perumal Temple,Thiruvellakkulam (Annan Kovil),Annan Kovil,Sirkazhi,Mayiladuthurai,Tamil Nadu,India,11.19023481,79.76489778,Chola Nadu (North),Thirunangur–Sirkazhi Cluster,red,temple,Annan Kovil • Sirkazhi,Thiruvellakkulam (Annan Kovil) - Sri Srinivasa Perumal Temple,"<h3>Thiruvellakkulam (Annan Kovil) - Sri Srinivasa Perumal Temple</h3><div><b>Location:</b> Sirkazhi, Mayiladuthurai, Tamil Nadu, India</div><div><b>Cluster:</b> Chola Nadu (North) / Thirunangur–Sirkazhi Cluster</div>",audio/38.Thiruvellakulam.m4a,images/38.Thiruvellakulam.jpg
39,39.Thiru Paarthanpalli - Sri Thamaraiyal Kelvan Perumal Temple,Thiru Paarthanpalli,Parthanpalli,Thirunangur,Mayiladuthurai,Tamil Nadu,India,11.26208099,79.80654461,Chola Nadu (North),Thirunangur–Sirkazhi Cluster,red,temple,Parthanpalli • Thirunangur,Thiru Paarthanpalli - Sri Thamaraiyal Kelvan Perumal Temple,"<h3>Thiru Paarthanpalli - Sri Thamaraiyal Kelvan Perumal Temple</h3><div><b>Location:</b> Thirunangur, Mayiladuthurai, Tamil Nadu, India</div><div><b>Cluster:</b> Chola Nadu (North) / Thirunangur–Sirkazhi Cluster</div>",audio/39.Thirupartanpalli.m4a,images/39.Thirupartanpalli.jpg
40,40.Thiruchitrakootam (Chidambaram) - Sri Govindaraja Perumal Temple,Thiruchitrakootam,Chidambaram Govindaraja,Chidambaram,Cuddalore,Tamil Nadu,India,11.39930204,79.69334254,Nadu Nadu,Cuddalore–Chidambaram Cluster,yellow,temple,Chidambaram Govindaraja • Chidambaram,Thiruchitrakootam (Chidambaram) - Sri Govindaraja Perumal Temple,"<h3>Thiruchitrakootam (Chidambaram) - Sri Govindaraja Perumal Temple</h3><div><b>Location:</b> Chidambaram, Cuddalore, Tamil Nadu, India</div><div><b>Cluster:</b> Nadu Nadu / Cuddalore–Chidambaram Cluster</div>",audio/40.ThiruChitraKoodam.m4a,images/40.ThiruChitraKoodam.jpg
41,41.Thiruvaheendrapuram (Cuddalore) - Sri Deyva Nayaga Perumal Temple,Thiruvaheendrapuram,Devanathaswamy,Cuddalore,Cuddalore,Tamil Nadu,India,11.74945405,79.70781082,Nadu Nadu,Cuddalore–Chidambaram Cluster,yellow,temple,Devanathaswamy • Cuddalore,Thiruvaheendrapuram (Cuddalore) - Sri Deyva Nayaga Perumal Temple,"<h3>Thiruvaheendrapuram (Cuddalore) - Sri Deyva Nayaga Perumal Temple</h3><div><b>Location:</b> Cuddalore, Cuddalore, Tamil Nadu, India</div><div><b>Cluster:</b> Nadu Nadu / Cuddalore–Chidambaram Cluster</div>",audio/41.Thiruvanthipuram.m4a,images/41.Thiruvanthipuram.jpg
42,42.Thirukkoviloor - Sri Thiruvikrama Perumal Temple,Thirukkoviloor,Thirukovilur,Tirukovilur,Kallakurichi,Tamil Nadu,India,11.96733511,79.20142375,Nadu Nadu,Cuddalore–Chidambaram Cluster,yellow,temple,Thirukovilur • Tirukovilur,Thirukkoviloor - Sri Thiruvikrama Perumal Temple,"<h3>Thirukkoviloor - Sri Thiruvikrama Perumal Temple</h3><div><b>Location:</b> Tirukovilur, Kallakurichi, Tamil Nadu, India</div><div><b>Cluster:</b> Nadu Nadu / Cuddalore–Chidambaram Cluster</div>",audio/42.Thirukkoyilur.m4a,images/42.Thirukkoyilur.jpg
43,43.Thirukkachchi - Sri Varadharaja Perumal Temple,Kanchipuram,Varadaraja Perumal,Kanchipuram,Kanchipuram,Tamil Nadu,India,12.8667453,79.72956393,Tondai Nadu,Kanchi–Chennai Cluster,green,temple,Varadaraja Perumal • Kanchipuram,Thirukkachchi - Sri Varadharaja Perumal Temple,"<h3>Thirukkachchi - Sri Varadharaja Perumal Temple</h3><div><b>Location:</b> Kanchipuram, Kanchipuram, Tamil Nadu, India</div><div><b>Cluster:</b> Tondai Nadu / Kanchi–Chennai Cluster</div>",audio/43.ThirukkachiAthigiri.m4a,images/43.ThirukkachiAthigiri.jpg
44,44.Ashtabhuyakaram - Sri Aadhikesava Perumal Temple,Ashtabhuyakaram,Ashtabhuja Perumal,Kanchipuram,Kanchipuram,Tamil Nadu,India,12.89096473,79.69981495,Tondai Nadu,Kanchi–Chennai Cluster,green,temple,Ashtabhuja Perumal • Kanchipuram,Ashtabhuyakaram - Sri Aadhikesava Perumal Temple,"<h3>Ashtabhuyakaram - Sri Aadhikesava Perumal Temple</h3><div><b>Location:</b> Kanchipuram, Kanchipuram, Tamil Nadu, India</div><div><b>Cluster:</b> Tondai Nadu / Kanchi–Chennai Cluster</div>",audio/44.Ashtabujagaram.m4a,images/44.Ashtabujagaram.jpg
45,45.Thiruthanka - Sri Deepa Prakasar Perumal Temple,Thiruthanka,Deepa Prakasar,Kanchipuram,Kanchipuram,Tamil Nadu,India,12.82454561,79.70515255,Tondai Nadu,Kanchi–Chennai Cluster,green,temple,Deepa Prakasar • Kanchipuram,Thiruthanka - Sri Deepa Prakasar Perumal Temple,"<h3>Thiruthanka - Sri Deepa Prakasar Perumal Temple</h3><div><b>Location:</b> Kanchipuram, Kanchipuram, Tamil Nadu, India</div><div><b>Cluster:</b> Tondai Nadu / Kanchi–Chennai Cluster</div>",audio/45.Thiruthanka.m4a,images/45.Thiruthanka.jpg
46,46.Thiru Velukkai - Sri Azhagiya Singar Perumal Temple,Thiru Velukkai,Velukkai (Azhagiya Singar),Kanchipuram,Kanchipuram,Tamil Nadu,India,12.82236641,79.70648615,Tondai Nadu,Kanchi–Chennai Cluster,green,temple,Velukkai (Azhagiya Singar) • Kanchipuram,Thiru Velukkai - Sri Azhagiya Singar Perumal Temple,"<h3>Thiru Velukkai - Sri Azhagiya Singar Perumal Temple</h3><div><b>Location:</b> Kanchipuram, Kanchipuram, Tamil Nadu, India</div><div><b>Cluster:</b> Tondai Nadu / Kanchi–Chennai Cluster</div>",audio/46.Thiruvelukkai.m4a,images/46.Thiruvelukkai.jpg
47,47.Thiru Neeragam - Sri Jagadeeshwarar Temple,Thiru Neeragam,Neeragam,Kanchipuram,Kanchipuram,Tamil Nadu,India,12.83967828,79.70509343,Tondai Nadu,Kanchi–Chennai Cluster,green,temple,Neeragam • Kanchipuram,Thiru Neeragam - Sri Jagadeeshwarar Temple,"<h3>Thiru Neeragam - Sri Jagadeeshwarar Temple</h3><div><b>Location:</b> Kanchipuram, Kanchipuram, Tamil Nadu, India</div><div><b>Cluster:</b> Tondai Nadu / Kanchi–Chennai Cluster</div>",audio/47.Thiruneeragam.m4a,images/47.Thiruneeragam.jpg
48,48.Thiru Paadagam - Sri Pandava Thoodhar Temple,Thiru Paadagam,Pandava Thoothar,Kanchipuram,Kanchipuram,Tamil Nadu,India,12.84279654,79.69705636,Tondai Nadu,Kanchi–Chennai Cluster,green,temple,Pandava Thoothar • Kanchipuram,Thiru Paadagam - Sri Pandava Thoodhar Temple,"<h3>Thiru Paadagam - Sri Pandava Thoodhar Temple</h3><div><b>Location:</b> Kanchipuram, Kanchipuram, Tamil Nadu, India</div><div><b>Cluster:</b> Tondai Nadu / Kanchi–Chennai Cluster</div>",audio/48.Thiruppadagam.m4a,images/48.Thiruppadagam.jpg
49,49.Thiru Nilathingal Thundam - Sri Nilathingal Thundathan Perumal Temple,Thiru Nilathingal Thundam,Nilathingal Thundathan,Kanchipuram,Kanchipuram,Tamil Nadu,India,12.84773865,79.69964415,Tondai Nadu,Kanchi–Chennai Cluster,green,temple,Nilathingal Thundathan • Kanchipuram,Thiru Nilathingal Thundam - Sri Nilathingal Thundathan Perumal Temple,"<h3>Thiru Nilathingal Thundam - Sri Nilathingal Thundathan Perumal Temple</h3><div><b>Location:</b> Kanchipuram, Kanchipuram, Tamil Nadu, India</div><div><b>Cluster:</b> Tondai Nadu / Kanchi–Chennai Cluster</div>",audio/49.NilathingalThundam.m4a,images/49.NilathingalThundam.jpg
50,50.Thiru Ooragam - Sri Ulagalantha Perumal Temple,Thiru Ooragam,Ulagalantha Perumal,Kanchipuram,Kanchipuram,Tamil Nadu,India,12.83929154,79.70488251,Tondai Nadu,Kanchi–Chennai Cluster,green,temple,Ulagalantha Perumal • Kanchipuram,Thiru Ooragam - Sri Ulagalantha Perumal Temple,"<h3>Thiru Ooragam - Sri Ulagalantha Perumal Temple</h3><div><b>Location:</b> Kanchipuram, Kanchipuram, Tamil Nadu, India</div><div><b>Cluster:</b> Tondai Nadu / Kanchi–Chennai Cluster</div>",audio/50.Thiruooragam.m4a,images/50.Thiruooragam.jpg
51,51.Thiru Vekka - Sri Yathothakaari Temple,Thiru Vekka,Yathothakari,Kanchipuram,Kanchipuram,Tamil Nadu,India,12.82468859,79.71238692,Tondai Nadu,Kanchi–Chennai Cluster,green,temple,Yathothakari • Kanchipuram,Thiru Vekka - Sri Yathothakaari Temple,"<h3>Thiru Vekka - Sri Yathothakaari Temple</h3><div><b>Location:</b> Kanchipuram, Kanchipuram, Tamil Nadu, India</div><div><b>Cluster:</b> Tondai Nadu / Kanchi–Chennai Cluster</div>",audio/51.Thiruvekka.m4a,images/51.Thiruvekka.jpg
52,52.Thiru Kaaragam - Sri Karunakara Perumal Temple,Thiru Kaaragam,Karunakara Perumal,Kanchipuram,Kanchipuram,Tamil Nadu,India,12.64973803,80.17108421,Tondai Nadu,Kanchi–Chennai Cluster,green,temple,Karunakara Perumal • Kanchipuram,Thiru Kaaragam - Sri Karunakara Perumal Temple,"<h3>Thiru Kaaragam - Sri Karunakara Perumal Temple</h3><div><b>Location:</b> Kanchipuram, Kanchipuram, Tamil Nadu, India</div><div><b>Cluster:</b> Tondai Nadu / Kanchi–Chennai Cluster</div>",audio/52.Thirukkaragam.m4a,images/52.Thirukkaragam.jpg
53,53.Thirukkaar Vaanam - Sri Thirukkaar vaanar Temple,Thirukkaar Vaanam,Kaarvanam,Kanchipuram,Kanchipuram,Tamil Nadu,India,12.84062005,79.70550478,Tondai Nadu,Kanchi–Chennai Cluster,green,temple,Kaarvanam • Kanchipuram,Thirukkaar Vaanam - Sri Thirukkaar vaanar Temple,"<h3>Thirukkaar Vaanam - Sri Thirukkaar vaanar Temple</h3><div><b>Location:</b> Kanchipuram, Kanchipuram, Tamil Nadu, India</div><div><b>Cluster:</b> Tondai Nadu / Kanchi–Chennai Cluster</div>",audio/53.Thirukkarvaanam.m4a,images/53.Thirukkarvaanam.jpg
54,54.ThirukKalvanoor - Sri Aadhi Varaha Perumal Temple,ThirukKalvanoor,Adivaraha,Kanchipuram,Kanchipuram,Tamil Nadu,India,12.859021,79.70445765,Tondai Nadu,Kanchi–Chennai Cluster,green,temple,Adivaraha • Kanchipuram,ThirukKalvanoor - Sri Aadhi Varaha Perumal Temple,"<h3>ThirukKalvanoor - Sri Aadhi Varaha Perumal Temple</h3><div><b>Location:</b> Kanchipuram, Kanchipuram, Tamil Nadu, India</div><div><b>Cluster:</b> Tondai Nadu / Kanchi–Chennai Cluster</div>",audio/54.Thirukkalvanur.m4a,images/54.Thirukkalvanur.jpg
55,55.Thiru Pavala Vannan - Sri Pavala Vannar Temple,Thiru Pavala Vannan,Pavala Vannar,Kanchipuram,Kanchipuram,Tamil Nadu,India,12.84392673,79.70769087,Tondai Nadu,Kanchi–Chennai Cluster,green,temple,Pavala Vannar • Kanchipuram,Thiru Pavala Vannan - Sri Pavala Vannar Temple,"<h3>Thiru Pavala Vannan - Sri Pavala Vannar Temple</h3><div><b>Location:</b> Kanchipuram, Kanchipuram, Tamil Nadu, India</div><div><b>Cluster:</b> Tondai Nadu / Kanchi–Chennai Cluster</div>",audio/55.Thirupavalavanam.m4a,images/55.Thirupavalavanam.jpg
56,56.Thiruparameshwara Vinnagaram - Sri Vaikunda Perumal Temple,Thiruparameshwara Vinnagaram,Vaikunta Perumal,Kanchipuram,Kanchipuram,Tamil Nadu,India,12.8551899,79.70742661,Tondai Nadu,Kanchi–Chennai Cluster,green,temple,Vaikunta Perumal • Kanchipuram,Thiruparameshwara Vinnagaram - Sri Vaikunda Perumal Temple,"<h3>Thiruparameshwara Vinnagaram - Sri Vaikunda Perumal Temple</h3><div><b>Location:</b> Kanchipuram, Kanchipuram, Tamil Nadu, India</div><div><b>Cluster:</b> Tondai Nadu / Kanchi–Chennai Cluster</div>",audio/56.Thiruparameshwaravinnagaram.m4a,images/56.Thiruparameshwaravinnagaram.jpg
57,57.Thiruputkuzhi - Sri Vijayaraghava Perumal Temple,Thiruputkuzhi,Vijayaraghava,Kanchipuram,Kanchipuram,Tamil Nadu,India,12.87251708,79.61882809,Tondai Nadu,Kanchi–Chennai Cluster,green,temple,Vijayaraghava • Kanchipuram,Thiruputkuzhi - Sri Vijayaraghava Perumal Temple,"<h3>Thiruputkuzhi - Sri Vijayaraghava Perumal Temple</h3><div><b>Location:</b> Kanchipuram, Kanchipuram, Tamil Nadu, India</div><div><b>Cluster:</b> Tondai Nadu / Kanchi–Chennai Cluster</div>",audio/57.Thiruputkuzhi.m4a,images/57.Thiruputkuzhi.jpg
58,58.Thiru Nindravoor (Thirunindravur) - Sri Bhatavatsala Perumal Temple,Thiru Nindravoor,Bhaktavatsala Perumal,Thirunindravur,Tiruvallur,Tamil Nadu,India,13.11267762,80.02612182,Tondai Nadu,Kanchi–Chennai Cluster,green,temple,Bhaktavatsala Perumal • Thirunindravur,Thiru Nindravoor (Thirunindravur) - Sri Bhatavatsala Perumal Temple,"<h3>Thiru Nindravoor (Thirunindravur) - Sri Bhatavatsala Perumal Temple</h3><div><b>Location:</b> Thirunindravur, Tiruvallur, Tamil Nadu, India</div><div><b>Cluster:</b> Tondai Nadu / Kanchi–Chennai Cluster</div>",audio/58.Thirunindravur.m4a,images/58.Thirunindravur.jpg
59,59.Thiruevvuloor (Tiruvallur) - Sri Veeraraghava Perumal Temple,Thiruevvuloor,Veeraraghava Perumal,Tiruvallur,Tiruvallur,Tamil Nadu,India,13.14350441,79.90724478,Tondai Nadu,Kanchi–Chennai Cluster,green,temple,Veeraraghava Perumal • Tiruvallur,Thiruevvuloor (Tiruvallur) - Sri Veeraraghava Perumal Temple,"<h3>Thiruevvuloor (Tiruvallur) - Sri Veeraraghava Perumal Temple</h3><div><b>Location:</b> Tiruvallur, Tiruvallur, Tamil Nadu, India</div><div><b>Cluster:</b> Tondai Nadu / Kanchi–Chennai Cluster</div>",audio/59.Thiruvallur.m4a,images/59.Thiruvallur.jpg
60,60.Thiruvallikkeni - Sri Parthasarathy Temple,Thiruvallikkeni,Triplicane Parthasarathy,Chennai,Chennai,Tamil Nadu,India,13.05396356,80.27695609,Tondai Nadu,Kanchi–Chennai Cluster,green,temple,Triplicane Parthasarathy • Chennai,Thiruvallikkeni - Sri Parthasarathy Temple,"<h3>Thiruvallikkeni - Sri Parthasarathy Temple</h3><div><b>Location:</b> Chennai, Chennai, Tamil Nadu, India</div><div><b>Cluster:</b> Tondai Nadu / Kanchi–Chennai Cluster</div>",audio/60.Thiruvallikeni.m4a,images/60.Thiruvallikeni.jpg
61,61.Thiruneermalai - Sri Neervanna Perumal Temple,Thiruneermalai,Neervanna Perumal,Chennai,Chengalpattu,Tamil Nadu,India,12.96389584,80.11451251,Tondai Nadu,Kanchi–Chennai Cluster,green,temple,Neervanna Perumal • Chennai,Thiruneermalai - Sri Neervanna Perumal Temple,"<h3>Thiruneermalai - Sri Neervanna Perumal Temple</h3><div><b>Location:</b> Chennai, Chengalpattu, Tamil Nadu, India</div><div><b>Cluster:</b> Tondai Nadu / Kanchi–Chennai Cluster</div>",audio/61.Thiruneermalai.m4a,images/61.Thiruneermalai.jpg
62,62.Thiruvedanthai - Sri Nithya Kalyana Perumal Temple,Thiruvedanthai,Nithya Kalyana Perumal,Mahabalipuram,Chengalpattu,Tamil Nadu,India,12.76337251,80.24199146,Tondai Nadu,Kanchi–Chennai Cluster,green,temple,Nithya Kalyana Perumal • Mahabalipuram,Thiruvedanthai - Sri Nithya Kalyana Perumal Temple,"<h3>Thiruvedanthai - Sri Nithya Kalyana Perumal Temple</h3><div><b>Location:</b> Mahabalipuram, Chengalpattu, Tamil Nadu, India</div><div><b>Cluster:</b> Tondai Nadu / Kanchi–Chennai Cluster</div>",audio/62.Thiruvidanthai.m4a,images/62.Thiruvidanthai.jpg
63,63.Thiru Kadalmalai (Mahabalipuram) - Sri Sthala Sayana Perumal Temple,Thiru Kadalmalai,Sthala Sayana Perumal,Mahabalipuram,Chengalpattu,Tamil Nadu,India,12.61762086,80.19301875,Tondai Nadu,Kanchi–Chennai Cluster,green,temple,Sthala Sayana Perumal • Mahabalipuram,Thiru Kadalmalai (Mahabalipuram) - Sri Sthala Sayana Perumal Temple,"<h3>Thiru Kadalmalai (Mahabalipuram) - Sri Sthala Sayana Perumal Temple</h3><div><b>Location:</b> Mahabalipuram, Chengalpattu, Tamil Nadu, India</div><div><b>Cluster:</b> Tondai Nadu / Kanchi–Chennai Cluster</div>",audio/63.Thirukadalmallai.m4a,images/63.Thirukadalmallai.jpg
64,64.Thirukkadigai (Sholingur) - Sri Yoga Narasimha Swamy Temple,Thirukkadigai (Sholingur),Yoga Narasimhar,Sholingur,Ranipet,Tamil Nadu,India,13.09002031,79.41880514,Tondai Nadu,Kanchi–Chennai Cluster,green,temple,Yoga Narasimhar • Sholingur,Thirukkadigai (Sholingur) - Sri Yoga Narasimha Swamy Temple,"<h3>Thirukkadigai (Sholingur) - Sri Yoga Narasimha Swamy Temple</h3><div><b>Location:</b> Sholingur, Ranipet, Tamil Nadu, India</div><div><b>Cluster:</b> Tondai Nadu / Kanchi–Chennai Cluster</div>",audio/64.Thirukkadigai.m4a,images/64.Thirukkadigai.jpg
65,65.Thiru Naavaay (Near Kuttippuram) - Sri Naavaay Mugundha Perumal Temple,Thiru Naavaay,Tirunavaya,Kuttippuram,Malappuram,Kerala,India,10.86395239,75.98161961,Malai Nadu (Kerala),Kerala Cluster,purple,temple,Tirunavaya • Kuttippuram,Thiru Naavaay (Near Kuttippuram) - Sri Naavaay Mugundha Perumal Temple,"<h3>Thiru Naavaay (Near Kuttippuram) - Sri Naavaay Mugundha Perumal Temple</h3><div><b>Location:</b> Kuttippuram, Malappuram, Kerala, India</div><div><b>Cluster:</b> Malai Nadu (Kerala) / Kerala Cluster</div>",audio/65.Tirunavai.m4a,images/65.Tirunavai.png
66,"66.Thiruvithuvakkodu (Near Thrissur, Pattambi) - Sri Uyyavantha Perumal Temple",Thiruvithuvakkodu,Thiruvithuvaankodu,Pattambi,Palakkad,Kerala,India,10.7832459,76.18452181,Malai Nadu (Kerala),Kerala Cluster,purple,temple,Thiruvithuvaankodu • Pattambi,"Thiruvithuvakkodu (Near Thrissur, Pattambi) - Sri Uyyavantha Perumal Temple","<h3>Thiruvithuvakkodu (Near Thrissur, Pattambi) - Sri Uyyavantha Perumal Temple</h3><div><b>Location:</b> Pattambi, Palakkad, Kerala, India</div><div><b>Cluster:</b> Malai Nadu (Kerala) / Kerala Cluster</div>",audio/66.Thiruvithuvakodu.m4a,images/66.Thiruvithuvakodu.jpg
67,"67.Thirukkaatkarai (Near Ernakulam, Edapally) - Sri Kaatkarai Appa Perumal Temple",Thirukkaatkarai,Trikkakara (Vamana),Edapally/Ernakulam,Ernakulam,Kerala,India,10.03560343,76.3299139,Malai Nadu (Kerala),Kerala Cluster,purple,temple,Trikkakara (Vamana) • Edapally/Ernakulam,"Thirukkaatkarai (Near Ernakulam, Edapally) - Sri Kaatkarai Appa Perumal Temple","<h3>Thirukkaatkarai (Near Ernakulam, Edapally) - Sri Kaatkarai Appa Perumal Temple</h3><div><b>Location:</b> Edapally/Ernakulam, Ernakulam, Kerala, India</div><div><b>Cluster:</b> Malai Nadu (Kerala) / Kerala Cluster</div>",audio/67.Thirukatkarai.m4a,images/67.Thirukatkarai.jpg
68,68.Thirumoozhikkalam (Near Cochin Int Airport) - Sri Moozhikkalathaan Perumal Temple,Thirumoozhikkalam,Thirumoozhikulam,Aluva,Ernakulam,Kerala,India,10.04067253,76.331081,Malai Nadu (Kerala),Kerala Cluster,purple,temple,Thirumoozhikulam • Aluva,Thirumoozhikkalam (Near Cochin Int Airport) - Sri Moozhikkalathaan Perumal Temple,"<h3>Thirumoozhikkalam (Near Cochin Int Airport) - Sri Moozhikkalathaan Perumal Temple</h3><div><b>Location:</b> Aluva, Ernakulam, Kerala, India</div><div><b>Cluster:</b> Malai Nadu (Kerala) / Kerala Cluster</div>",audio/68.Thirumoozhikkalam.m4a,images/68.Thirumoozhikkalam.jpg
69,69.Thiruvalvaazh (Thiruvalla) - Sri Kolapira Perumal Temple,Thiruvalvaazh,Thiruvalla,Thiruvalla,Pathanamthitta,Kerala,India,9.376340558,76.56291767,Malai Nadu (Kerala),Kerala Cluster,purple,temple,Thiruvalla • Thiruvalla,Thiruvalvaazh (Thiruvalla) - Sri Kolapira Perumal Temple,"<h3>Thiruvalvaazh (Thiruvalla) - Sri Kolapira Perumal Temple</h3><div><b>Location:</b> Thiruvalla, Pathanamthitta, Kerala, India</div><div><b>Cluster:</b> Malai Nadu (Kerala) / Kerala Cluster</div>",audio/69.Thiruvallavazh.m4a,images/69.Thiruvallavazh.jpg
70,70.Thirukkadithaanam (Changanassery) - Sri Athpudha Narayana Perumal Temple,Thirukkadithaanam,Kadithanam,Changanassery,Kottayam,Kerala,India,9.442099559,76.564396,Malai Nadu (Kerala),Kerala Cluster,purple,temple,Kadithanam • Changanassery,Thirukkadithaanam (Changanassery) - Sri Athpudha Narayana Perumal Temple,"<h3>Thirukkadithaanam (Changanassery) - Sri Athpudha Narayana Perumal Temple</h3><div><b>Location:</b> Changanassery, Kottayam, Kerala, India</div><div><b>Cluster:</b> Malai Nadu (Kerala) / Kerala Cluster</div>",audio/70.Thirukkodithanam.m4a,images/70.Thirukkodithanam.jpg
71,71.Thirucchenkundroor (Chengannur) - Sri Imayavarappa Perumal Temple,Thirucchenkundroor,Thiruchittattukara/Chennithala belt,Chengannur,Alappuzha,Kerala,India,9.326746844,76.60428251,Malai Nadu (Kerala),Kerala Cluster,purple,temple,Thiruchittattukara/Chennithala belt • Chengannur,Thirucchenkundroor (Chengannur) - Sri Imayavarappa Perumal Temple,"<h3>Thirucchenkundroor (Chengannur) - Sri Imayavarappa Perumal Temple</h3><div><b>Location:</b> Chengannur, Alappuzha, Kerala, India</div><div><b>Cluster:</b> Malai Nadu (Kerala) / Kerala Cluster</div>",audio/71.Thiruchengundrur.m4a,images/71.Thiruchengundrur.jpg
72,72.Thirupuliyoor (Chengannur) - Sri Maayapiran Perumal Temple,Thirupuliyoor,Puliyoor,Chengannur,Alappuzha,Kerala,India,9.302134658,76.58568709,Malai Nadu (Kerala),Kerala Cluster,purple,temple,Puliyoor • Chengannur,Thirupuliyoor (Chengannur) - Sri Maayapiran Perumal Temple,"<h3>Thirupuliyoor (Chengannur) - Sri Maayapiran Perumal Temple</h3><div><b>Location:</b> Chengannur, Alappuzha, Kerala, India</div><div><b>Cluster:</b> Malai Nadu (Kerala) / Kerala Cluster</div>",audio/72.Thrippuliyur.m4a,images/72.Thrippuliyur.jpg
73,73.Thiruvaaran Vilai (Aranmulla Temple) - Sri Parthasarathy Perumal Temple,Thiruvaaran Vilai,Aranmula Parthasarathy,Aranmula,Pathanamthitta,Kerala,India,9.32838686,76.68775299,Malai Nadu (Kerala),Kerala Cluster,purple,temple,Aranmula Parthasarathy • Aranmula,Thiruvaaran Vilai (Aranmulla Temple) - Sri Parthasarathy Perumal Temple,"<h3>Thiruvaaran Vilai (Aranmulla Temple) - Sri Parthasarathy Perumal Temple</h3><div><b>Location:</b> Aranmula, Pathanamthitta, Kerala, India</div><div><b>Cluster:</b> Malai Nadu (Kerala) / Kerala Cluster</div>",audio/73.Thiruvaranvilai.m4a,images/73.Thiruvaranvilai.jpg
74,74.Thiruvanvandoor (Chengannur) - Sri Paambanaiyappa Perumal Temple,Thiruvanvandoor,Vanamamalai Appan (local),Chengannur,Alappuzha,Kerala,India,9.344047492,76.58062917,Malai Nadu (Kerala),Kerala Cluster,purple,temple,Vanamamalai Appan (local) • Chengannur,Thiruvanvandoor (Chengannur) - Sri Paambanaiyappa Perumal Temple,"<h3>Thiruvanvandoor (Chengannur) - Sri Paambanaiyappa Perumal Temple</h3><div><b>Location:</b> Chengannur, Alappuzha, Kerala, India</div><div><b>Cluster:</b> Malai Nadu (Kerala) / Kerala Cluster</div>",audio/74.Thiruvanvandoor.m4a,images/74.Thiruvanvandoor.jpg
75,75.Thiruvananthapuram - Sri Anantha Padmanabhaswamy Temple,Thiruvananthapuram,Padmanabhaswamy,Thiruvananthapuram,Thiruvananthapuram,Kerala,India,8.482947207,76.94357215,Malai Nadu (Kerala),Kerala Cluster,purple,temple,Padmanabhaswamy • Thiruvananthapuram,Thiruvananthapuram - Sri Anantha Padmanabhaswamy Temple,"<h3>Thiruvananthapuram - Sri Anantha Padmanabhaswamy Temple</h3><div><b>Location:</b> Thiruvananthapuram, Thiruvananthapuram, Kerala, India</div><div><b>Cluster:</b> Malai Nadu (Kerala) / Kerala Cluster</div>",audio/75.Thiruvananthapuram.m4a,images/75.Thiruvananthapuram.jpg
76,76.Thiru Vattaaru (Marthandam) - Sri Aadhikesava Perumal Temple,Thiru Vattaaru,Thiruvattaru,Marthandam,Kanyakumari,Tamil Nadu,India,8.329980483,77.26609975,Pandiya Nadu,Tirunelveli–Kanyakumari Cluster,blue,temple,Thiruvattaru • Marthandam,Thiru Vattaaru (Marthandam) - Sri Aadhikesava Perumal Temple,"<h3>Thiru Vattaaru (Marthandam) - Sri Aadhikesava Perumal Temple</h3><div><b>Location:</b> Marthandam, Kanyakumari, Tamil Nadu, India</div><div><b>Cluster:</b> Pandiya Nadu / Tirunelveli–Kanyakumari Cluster</div>",audio/76.Thiruvattaru.m4a,images/76.Thiruvattaru.jpg
77,77.Thiruvanparisaaram (Nagercoil) - Sri Kuralappa Perumal Temple,Thiruvanparisaaram,Thiruvattar Area (Thiruparisaram),Nagercoil,Kanyakumari,Tamil Nadu,India,8.222375152,77.45108467,Pandiya Nadu,Tirunelveli–Kanyakumari Cluster,blue,temple,Thiruvattar Area (Thiruparisaram) • Nagercoil,Thiruvanparisaaram (Nagercoil) - Sri Kuralappa Perumal Temple,"<h3>Thiruvanparisaaram (Nagercoil) - Sri Kuralappa Perumal Temple</h3><div><b>Location:</b> Nagercoil, Kanyakumari, Tamil Nadu, India</div><div><b>Cluster:</b> Pandiya Nadu / Tirunelveli–Kanyakumari Cluster</div>",audio/77.Thiruvanparisaram.m4a,images/77.Thiruvanparisaram.jpg
78,78.Thirukkurungudi - Sri Nindra Nambi Perumal Temple,Thirukkurungudi,Thirukkurungudi,Thirukkurungudi,Tirunelveli,Tamil Nadu,India,8.436165932,77.56509025,Pandiya Nadu,Tirunelveli–Kanyakumari Cluster,blue,temple,Thirukkurungudi • Thirukkurungudi,Thirukkurungudi - Sri Nindra Nambi Perumal Temple,"<h3>Thirukkurungudi - Sri Nindra Nambi Perumal Temple</h3><div><b>Location:</b> Thirukkurungudi, Tirunelveli, Tamil Nadu, India</div><div><b>Cluster:</b> Pandiya Nadu / Tirunelveli–Kanyakumari Cluster</div>",audio/78.Thirukkurungudi.m4a,images/78.Thirukkurungudi.jpg
79,79.Thiruvaramangai Vaanamaamalai (Nanguneri) - Sri Thothatrinatha Perumal Temple,Thiruvaramangai Vaanamaamalai,Nanguneri,Nanguneri,Tirunelveli,Tamil Nadu,India,8.492061798,77.65741911,Pandiya Nadu,Tirunelveli–Kanyakumari Cluster,blue,temple,Nanguneri • Nanguneri,Thiruvaramangai Vaanamaamalai (Nanguneri) - Sri Thothatrinatha Perumal Temple,"<h3>Thiruvaramangai Vaanamaamalai (Nanguneri) - Sri Thothatrinatha Perumal Temple</h3><div><b>Location:</b> Nanguneri, Tirunelveli, Tamil Nadu, India</div><div><b>Cluster:</b> Pandiya Nadu / Tirunelveli–Kanyakumari Cluster</div>",audio/79.Thirucheeravaramangai.m4a,images/79.Thirucheeravaramangai.jpg
80,80.Thiruvaikuntham (Sri Vaikundam) - Sri Vaikundanatha Perumal Temple,Thiruvaikuntham,Srivaikuntam,Srivaikuntam,Tirunelveli,Tamil Nadu,India,8.631440427,77.91013914,Pandiya Nadu,Tirunelveli–Kanyakumari Cluster,blue,temple,Srivaikuntam • Srivaikuntam,Thiruvaikuntham (Sri Vaikundam) - Sri Vaikundanatha Perumal Temple,"<h3>Thiruvaikuntham (Sri Vaikundam) - Sri Vaikundanatha Perumal Temple</h3><div><b>Location:</b> Srivaikuntam, Tirunelveli, Tamil Nadu, India</div><div><b>Cluster:</b> Pandiya Nadu / Tirunelveli–Kanyakumari Cluster</div>",audio/80.Thiruvaigundam.m4a,images/80.Thiruvaigundam.jpg
81,81.Thiruvaragunamangai - Sri Vijayaasana Perumal Temple,Thiruvaragunamangai,Natham (Varagunamangai),Natham,Tirunelveli,Tamil Nadu,India,8.637257228,77.92442815,Pandiya Nadu,Tirunelveli–Kanyakumari Cluster,blue,temple,Natham (Varagunamangai) • Natham,Thiruvaragunamangai - Sri Vijayaasana Perumal Temple,"<h3>Thiruvaragunamangai - Sri Vijayaasana Perumal Temple</h3><div><b>Location:</b> Natham, Tirunelveli, Tamil Nadu, India</div><div><b>Cluster:</b> Pandiya Nadu / Tirunelveli–Kanyakumari Cluster</div>",audio/81.Thiruvaragunamangai.m4a,images/81.Thiruvaragunamangai.jpg
82,82.Thiruppulingudu - Sri Kaaichina Vendha Perumal Temple,Thiruppulingudu,Thirupulingudi,Thirupulingudi,Tirunelveli,Tamil Nadu,India,8.640333145,77.93323643,Pandiya Nadu,Tirunelveli–Kanyakumari Cluster,blue,temple,Thirupulingudi • Thirupulingudi,Thiruppulingudu - Sri Kaaichina Vendha Perumal Temple,"<h3>Thiruppulingudu - Sri Kaaichina Vendha Perumal Temple</h3><div><b>Location:</b> Thirupulingudi, Tirunelveli, Tamil Nadu, India</div><div><b>Cluster:</b> Pandiya Nadu / Tirunelveli–Kanyakumari Cluster</div>",audio/82.Thirupuliangudi.m4a,images/82.Thirupuliangudi.jpg
83,83.Thiruttholai Villimangalam (Twin Thirupathis) - Sri Aravindha Lochana Perumal Temple,Thiruttholai Villimangalam,Irattai Tirupati (Aravindalochanar),Tiruchendur belt,Thoothukudi,Tamil Nadu,India,8.612315841,77.97216969,Pandiya Nadu,Tirunelveli–Kanyakumari Cluster,blue,temple,Irattai Tirupati (Aravindalochanar) • Tiruchendur belt,Thiruttholai Villimangalam (Twin Thirupathis) - Sri Aravindha Lochana Perumal Temple,"<h3>Thiruttholai Villimangalam (Twin Thirupathis) - Sri Aravindha Lochana Perumal Temple</h3><div><b>Location:</b> Tiruchendur belt, Thoothukudi, Tamil Nadu, India</div><div><b>Cluster:</b> Pandiya Nadu / Tirunelveli–Kanyakumari Cluster</div>",audio/83.Thirutholaivillimangalam.m4a,images/83.Thirutholaivillimangalam.jpg
84,84.Thirukkulanthai - Sri Srinivasa Perumal Temple,Thirukkulanthai,Thenthiruperai/Perungulam region,Perungulam,Tirunelveli,Tamil Nadu,India,8.638084165,77.92461044,Pandiya Nadu,Tirunelveli–Kanyakumari Cluster,blue,temple,Thenthiruperai/Perungulam region • Perungulam,Thirukkulanthai - Sri Srinivasa Perumal Temple,"<h3>Thirukkulanthai - Sri Srinivasa Perumal Temple</h3><div><b>Location:</b> Perungulam, Tirunelveli, Tamil Nadu, India</div><div><b>Cluster:</b> Pandiya Nadu / Tirunelveli–Kanyakumari Cluster</div>",audio/84.Thirukkulandai.m4a,images/84.Thirukkulandai.jpg
85,85.Thirukkoloor - Sri Vaitha Maanitha Perumal Temple,Thirukkoloor,Thirukkolur,Thirukkolur,Thoothukudi,Tamil Nadu,India,8.610042427,77.97252974,Pandiya Nadu,Tirunelveli–Kanyakumari Cluster,blue,temple,Thirukkolur • Thirukkolur,Thirukkoloor - Sri Vaitha Maanitha Perumal Temple,"<h3>Thirukkoloor - Sri Vaitha Maanitha Perumal Temple</h3><div><b>Location:</b> Thirukkolur, Thoothukudi, Tamil Nadu, India</div><div><b>Cluster:</b> Pandiya Nadu / Tirunelveli–Kanyakumari Cluster</div>",audio/85.Thirukkolur.m4a,images/85.Thirukkolur.jpg
86,86.Thirupperai - Sri Magara NedungKuzhai Kaathar Perumal Temple,Thirupperai,Thenthiruperai,Thenthiruperai,Thoothukudi,Tamil Nadu,India,8.603879318,77.98667044,Pandiya Nadu,Tirunelveli–Kanyakumari Cluster,blue,temple,Thenthiruperai • Thenthiruperai,Thirupperai - Sri Magara NedungKuzhai Kaathar Perumal Temple,"<h3>Thirupperai - Sri Magara NedungKuzhai Kaathar Perumal Temple</h3><div><b>Location:</b> Thenthiruperai, Thoothukudi, Tamil Nadu, India</div><div><b>Cluster:</b> Pandiya Nadu / Tirunelveli–Kanyakumari Cluster</div>",audio/86.Thirupperai.m4a,images/86.Thirupperai.jpg
87,87.Thirukkurugur (Alwar Thirunagiri) - Sri Aadhinatha Swamy Temple,Thirukkurugur,Alwar Thirunagari,Tirunagari,Thoothukudi,Tamil Nadu,India,8.607425199,77.93877021,Pandiya Nadu,Tirunelveli–Kanyakumari Cluster,blue,temple,Alwar Thirunagari • Tirunagari,Thirukkurugur (Alwar Thirunagiri) - Sri Aadhinatha Swamy Temple,"<h3>Thirukkurugur (Alwar Thirunagiri) - Sri Aadhinatha Swamy Temple</h3><div><b>Location:</b> Tirunagari, Thoothukudi, Tamil Nadu, India</div><div><b>Cluster:</b> Pandiya Nadu / Tirunelveli–Kanyakumari Cluster</div>",audio/87.Thirukkurugur.m4a,images/87.Thirukkurugur.jpg
88,88.Thiruvilliputtur (Sri Villiputhoor) - Sri Vadabhatra Saayi Perumal Temple,Thiruvilliputtur,Srivilliputhur,Srivilliputhur,Virudhunagar,Tamil Nadu,India,9.516673635,77.62881119,Pandiya Nadu,Madurai–Ramanathapuram Cluster,blue,temple,Srivilliputhur • Srivilliputhur,Thiruvilliputtur (Sri Villiputhoor) - Sri Vadabhatra Saayi Perumal Temple,"<h3>Thiruvilliputtur (Sri Villiputhoor) - Sri Vadabhatra Saayi Perumal Temple</h3><div><b>Location:</b> Srivilliputhur, Virudhunagar, Tamil Nadu, India</div><div><b>Cluster:</b> Pandiya Nadu / Madurai–Ramanathapuram Cluster</div>",audio/88.Srivillipputhur.m4a,images/88.Srivillipputhur.jpg
89,89.Thiruthankaal (Sivakasi) - Sri Nindra Narayana Perumal Temple,Thiruthankaal,Thiruthangal,Sivakasi,Virudhunagar,Tamil Nadu,India,9.482018412,77.81128081,Pandiya Nadu,Madurai–Ramanathapuram Cluster,blue,temple,Thiruthangal • Sivakasi,Thiruthankaal (Sivakasi) - Sri Nindra Narayana Perumal Temple,"<h3>Thiruthankaal (Sivakasi) - Sri Nindra Narayana Perumal Temple</h3><div><b>Location:</b> Sivakasi, Virudhunagar, Tamil Nadu, India</div><div><b>Cluster:</b> Pandiya Nadu / Madurai–Ramanathapuram Cluster</div>",audio/89.Thiruthangal.m4a,images/89.Thiruthangal.jpg
90,90.Thirukkoodal - Sri Koodal Azhagar Perumal Temple,Thirukkoodal,Koodal Azhagar,Madurai,Madurai,Tamil Nadu,India,9.914683105,78.11423268,Pandiya Nadu,Madurai–Ramanathapuram Cluster,blue,temple,Koodal Azhagar • Madurai,Thirukkoodal - Sri Koodal Azhagar Perumal Temple,"<h3>Thirukkoodal - Sri Koodal Azhagar Perumal Temple</h3><div><b>Location:</b> Madurai, Madurai, Tamil Nadu, India</div><div><b>Cluster:</b> Pandiya Nadu / Madurai–Ramanathapuram Cluster</div>",audio/90.Thirukkodal.m4a,images/90.Thirukkodal.jpg
91,91.Thirumaalirunsolai (Alagar Kovil) - Sri Kallazhagar Perumal Temple,Thirumaalirunsolai,Azhagar Kovil,Madurai,Madurai,Tamil Nadu,India,10.07480861,78.21317042,Pandiya Nadu,Madurai–Ramanathapuram Cluster,blue,temple,Azhagar Kovil • Madurai,Thirumaalirunsolai (Alagar Kovil) - Sri Kallazhagar Perumal Temple,"<h3>Thirumaalirunsolai (Alagar Kovil) - Sri Kallazhagar Perumal Temple</h3><div><b>Location:</b> Madurai, Madurai, Tamil Nadu, India</div><div><b>Cluster:</b> Pandiya Nadu / Madurai–Ramanathapuram Cluster</div>",audio/91.Thirumalliruncholai.m4a,images/91.Thirumalliruncholai.jpg
92,92.Thiru Moghur - Sri Kaalamegha Perumal Temple,Thiru Moghur,Kalamegha Perumal,Madurai,Madurai,Tamil Nadu,India,9.950937267,78.20705748,Pandiya Nadu,Madurai–Ramanathapuram Cluster,blue,temple,Kalamegha Perumal • Madurai,Thiru Moghur - Sri Kaalamegha Perumal Temple,"<h3>Thiru Moghur - Sri Kaalamegha Perumal Temple</h3><div><b>Location:</b> Madurai, Madurai, Tamil Nadu, India</div><div><b>Cluster:</b> Pandiya Nadu / Madurai–Ramanathapuram Cluster</div>",audio/92.Thirumogur.m4a,images/92.Thirumogur.jpg
93,93.Thirukkotiyoor - Sri Uraga Mellanayaan Perumal Temple,Thirukkotiyoor,Thirukoshtiyur,Sivaganga,Sivaganga,Tamil Nadu,India,10.06113363,78.5603866,Pandiya Nadu,Madurai–Ramanathapuram Cluster,blue,temple,Thirukoshtiyur • Sivaganga,Thirukkotiyoor - Sri Uraga Mellanayaan Perumal Temple,"<h3>Thirukkotiyoor - Sri Uraga Mellanayaan Perumal Temple</h3><div><b>Location:</b> Sivaganga, Sivaganga, Tamil Nadu, India</div><div><b>Cluster:</b> Pandiya Nadu / Madurai–Ramanathapuram Cluster</div>",audio/93.Thirukostiyur.m4a,images/93.Thirukostiyur.jpg
94,94.Thiruppullanni (Ramanathapuram) - Sri Kalyana Jagannatha Perumal Temple,Thiruppullanni,Tirupullani,Ramanathapuram,Ramanathapuram,Tamil Nadu,India,9.283213399,78.82491192,Pandiya Nadu,Madurai–Ramanathapuram Cluster,blue,temple,Tirupullani • Ramanathapuram,Thiruppullanni (Ramanathapuram) - Sri Kalyana Jagannatha Perumal Temple,"<h3>Thiruppullanni (Ramanathapuram) - Sri Kalyana Jagannatha Perumal Temple</h3><div><b>Location:</b> Ramanathapuram, Ramanathapuram, Tamil Nadu, India</div><div><b>Cluster:</b> Pandiya Nadu / Madurai–Ramanathapuram Cluster</div>",audio/94.Thiruppullani.m4a,images/94.Thiruppullani.jpg
95,95.Thirumeyyam - Sri Sathyagiri Natha Perumal Temple,Thirumeyyam,Thirumeyyam,Pudukkottai,Pudukkottai,Tamil Nadu,India,10.24674648,78.75207237,Pandiya Nadu,Madurai–Ramanathapuram Cluster,blue,temple,Thirumeyyam • Pudukkottai,Thirumeyyam - Sri Sathyagiri Natha Perumal Temple,"<h3>Thirumeyyam - Sri Sathyagiri Natha Perumal Temple</h3><div><b>Location:</b> Pudukkottai, Pudukkottai, Tamil Nadu, India</div><div><b>Cluster:</b> Pandiya Nadu / Madurai–Ramanathapuram Cluster</div>",audio/95.Thirumeyyam.m4a,images/95.Thirumeyyam.jpg
96,96.Thiru Ayodhi - Sri Ramar Temple,Ayodhya,Ayodhya,Ayodhya,Ayodhya,Uttar Pradesh,India,26.78860931,82.20090292,Vada Nadu (North India),North India Cluster,pink,temple,Ayodhya • Ayodhya,Thiru Ayodhi - Sri Ramar Temple,"<h3>Thiru Ayodhi - Sri Ramar Temple</h3><div><b>Location:</b> Ayodhya, Ayodhya, Uttar Pradesh, India</div><div><b>Cluster:</b> Vada Nadu (North India) / North India Cluster</div>",audio/96.Thiruayodhya.m4a,images/96.Thiruayodhya.jpg
97,97.Thiru Naimisaranyam - Sri Devaraja Perumal Temple,Naimisaranyam,Nimsar,Sitapur,Sitapur,Uttar Pradesh,India,27.35010939,80.48340505,Vada Nadu (North India),North India Cluster,pink,temple,Nimsar • Sitapur,Thiru Naimisaranyam - Sri Devaraja Perumal Temple,"<h3>Thiru Naimisaranyam - Sri Devaraja Perumal Temple</h3><div><b>Location:</b> Sitapur, Sitapur, Uttar Pradesh, India</div><div><b>Cluster:</b> Vada Nadu (North India) / North India Cluster</div>",audio/97.Naimisharanyam.m4a,images/97.Naimisharanyam.jpg
98,98.Thiruppirudhi (Joshimutt) - Sri Paramapurusha Perumal Temple,Thiruppirudhi,Joshimath,Joshimath,Chamoli,Uttarakhand,India,30.55640574,79.56646722,Vada Nadu (North India),North India Cluster,pink,temple,Joshimath • Joshimath,Thiruppirudhi (Joshimutt) - Sri Paramapurusha Perumal Temple,"<h3>Thiruppirudhi (Joshimutt) - Sri Paramapurusha Perumal Temple</h3><div><b>Location:</b> Joshimath, Chamoli, Uttarakhand, India</div><div><b>Cluster:</b> Vada Nadu (North India) / North India Cluster</div>",audio/98.Thirupruthi.m4a,images/98.Thirupruthi.jpg
99,99.Thirukkandam (Devaprayag) - Sri Neelamega Perumal Temple,Thirukkandam,Devaprayag,Devaprayag,Tehri Garhwal,Uttarakhand,India,30.1463147,78.59865221,Vada Nadu (North India),North India Cluster,pink,temple,Devaprayag • Devaprayag,Thirukkandam (Devaprayag) - Sri Neelamega Perumal Temple,"<h3>Thirukkandam (Devaprayag) - Sri Neelamega Perumal Temple</h3><div><b>Location:</b> Devaprayag, Tehri Garhwal, Uttarakhand, India</div><div><b>Cluster:</b> Vada Nadu (North India) / North India Cluster</div>",audio/99.Thirukkandamenum.m4a,images/99.Thirukkandamenum.jpg
100,100.Thiru Salagramam (Mukthinath) - Sri Moorthy Perumal Temple,Thiru Salagramam,Muktinath,Muktinath,Mustang,Gandaki Province,Nepal,28.81740379,83.87184727,Vada Nadu (North India),North India Cluster,pink,temple,Muktinath • Muktinath,Thiru Salagramam (Mukthinath) - Sri Moorthy Perumal Temple,"<h3>Thiru Salagramam (Mukthinath) - Sri Moorthy Perumal Temple</h3><div><b>Location:</b> Muktinath, Mustang, Gandaki Province, Nepal</div><div><b>Cluster:</b> Vada Nadu (North India) / North India Cluster</div>",audio/100.ThiruSaligram.m4a,images/100.ThiruSaligram.jpg
101,101.Thiru Vadamathura (Govardhanesan) - Sri Govardhana Nesa Perumal Temple,Vadamathura,Govardhan,Mathura,Mathura,Uttar Pradesh,India,27.35009012,80.48337256,Vada Nadu (North India),North India Cluster,pink,temple,Govardhan • Mathura,Thiru Vadamathura (Govardhanesan) - Sri Govardhana Nesa Perumal Temple,"<h3>Thiru Vadamathura (Govardhanesan) - Sri Govardhana Nesa Perumal Temple</h3><div><b>Location:</b> Mathura, Mathura, Uttar Pradesh, India</div><div><b>Cluster:</b> Vada Nadu (North India) / North India Cluster</div>",audio/101.Thiruvadamathurai.m4a,images/101.Thiruvadamathurai.jpg
102,102.Thiruvaaipadi (Aayarpadi) - Sri Navamohana Krishna Perumal Temple,Aayarpadi,Gokul/Vrindavan region,Mathura,Mathura,Uttar Pradesh,India,27.35009012,80.48330819,Vada Nadu (North India),North India Cluster,pink,temple,Gokul/Vrindavan region • Mathura,Thiruvaaipadi (Aayarpadi) - Sri Navamohana Krishna Perumal Temple,"<h3>Thiruvaaipadi (Aayarpadi) - Sri Navamohana Krishna Perumal Temple</h3><div><b>Location:</b> Mathura, Mathura, Uttar Pradesh, India</div><div><b>Cluster:</b> Vada Nadu (North India) / North India Cluster</div>",audio/102.Thiruvaipadi.m4a,images/102.Thiruvaipadi.jpg
103,"103.Thiru Dwaraka (Dwaraka, Gujarat) - Sri Kalyana Narayana Perumal Temple",Dwarka,Dwarka,Dwarka,Devbhumi Dwarka,Gujarat,India,22.23782117,68.96741537,Vada Nadu (North India),North India Cluster,pink,temple,Dwarka • Dwarka,"Thiru Dwaraka (Dwaraka, Gujarat) - Sri Kalyana Narayana Perumal Temple","<h3>Thiru Dwaraka (Dwaraka, Gujarat) - Sri Kalyana Narayana Perumal Temple</h3><div><b>Location:</b> Dwarka, Devbhumi Dwarka, Gujarat, India</div><div><b>Cluster:</b> Vada Nadu (North India) / North India Cluster</div>",audio/103.Thirudwarakai.m4a,images/103.Thirudwarakai.jpg
104,104.Thiruvadhari Ashramam (Badrinath) - Sri Badri Narayana Perumal Temple,Thiruvadhari Ashramam,Badrinath,Badrinath,Chamoli,Uttarakhand,India,30.74489772,79.49127755,Vada Nadu (North India),North India Cluster,pink,temple,Badrinath • Badrinath,Thiruvadhari Ashramam (Badrinath) - Sri Badri Narayana Perumal Temple,"<h3>Thiruvadhari Ashramam (Badrinath) - Sri Badri Narayana Perumal Temple</h3><div><b>Location:</b> Badrinath, Chamoli, Uttarakhand, India</div><div><b>Cluster:</b> Vada Nadu (North India) / North India Cluster</div>",audio/104.Bhadrinath.m4a,images/104.Bhadrinath.jpg
105,"105.Thiru Singavel Kundram (Ahobilam, Andhra Pradesh) - Sri Nava Narasimhar Temple",Ahobilam,Ahobilam,Allagadda/Ahobilam,Nandyal,Andhra Pradesh,India,15.13687997,78.67174149,Vada Nadu (South Deccan),Andhra–Karnataka Cluster,teal,temple,Ahobilam • Allagadda/Ahobilam,"Thiru Singavel Kundram (Ahobilam, Andhra Pradesh) - Sri Nava Narasimhar Temple","<h3>Thiru Singavel Kundram (Ahobilam, Andhra Pradesh) - Sri Nava Narasimhar Temple</h3><div><b>Location:</b> Allagadda/Ahobilam, Nandyal, Andhra Pradesh, India</div><div><b>Cluster:</b> Vada Nadu (South Deccan) / Andhra–Karnataka Cluster</div>",audio/105.Ahobilam.m4a,images/105.Ahobilam.jpg
106,"106.Tirupathi (Tirumala, Andhra Pradesh) - Sri Srinivasa Perumal Temple",Tirumala,Tirupati,Tirupati,Tirupati,Andhra Pradesh,India,13.8401521,79.33176014,Vada Nadu (South Deccan),Andhra–Karnataka Cluster,teal,temple,Tirupati • Tirupati,"Tirupathi (Tirumala, Andhra Pradesh) - Sri Srinivasa Perumal Temple","<h3>Tirupathi (Tirumala, Andhra Pradesh) - Sri Srinivasa Perumal Temple</h3><div><b>Location:</b> Tirupati, Tirupati, Andhra Pradesh, India</div><div><b>Cluster:</b> Vada Nadu (South Deccan) / Andhra–Karnataka Cluster</div>",audio/106.Thiruvenkatam.m4a,images/106.Thiruvenkatam.jpg
107,107.ThirupPaarkadal (Vyugam) - Celestial Abode,Thiruparkadal,Parkadal,,,,,,,Vinnulagam (Celestial),Vinnulagam,gray,temple,Parkadal,ThirupPaarkadal (Vyugam) - Celestial Abode,<h3>ThirupPaarkadal (Vyugam) - Celestial Abode</h3><div><b>Cluster:</b> Vinnulagam (Celestial) / Vinnulagam</div>,audio/107.Tirupparkatal.m4a,images/107.Tirupparkatal.jpg
108,108.ThirupParamapadham (Parathuvam) - Celestial Abode,Thiruparamapadham,Paramapadham,,,,,,,Vinnulagam (Celestial),Vinnulagam,gray,temple,Paramapadham,ThirupParamapadham (Parathuvam) - Celestial Abode,<h3>ThirupParamapadham (Parathuvam) - Celestial Abode</h3><div><b>Cluster:</b> Vinnulagam (Celestial) / Vinnulagam</div>,audio/108.Tirupparamapadam.m4a,images/108.Tirupparamapadam.jpg
